{"stats":{"minecraft:broken":{"minecraft:shield":1},"minecraft:mined":{"minecraft:grass":1,"farmersdelight:wild_carrots":5},"minecraft:picked_up":{"minecraft:arrow":3,"minecraft:porkchop":2,"minecraft:carrot":8},"minecraft:custom":{"minecraft:time_since_rest":989,"champions:champion_mobs_killed":2,"minecraft:damage_absorbed":420,"minecraft:play_time":28486,"lootr:looted_stat":1,"minecraft:sprint_one_cm":114569,"minecraft:deaths":6,"minecraft:damage_taken":2020,"minecraft:walk_one_cm":71077,"minecraft:damage_blocked_by_shield":3000,"minecraft:sneak_time":149,"minecraft:walk_under_water_one_cm":42287,"minecraft:mob_kills":1,"minecraft:damage_dealt_resisted":49,"minecraft:jump":193,"minecraft:damage_dealt":415,"minecraft:leave_game":1,"minecraft:walk_on_water_one_cm":32296,"minecraft:time_since_death":940,"minecraft:total_world_time":28486,"minecraft:swim_one_cm":13891,"minecraft:talked_to_villager":1,"minecraft:fall_one_cm":2055,"minecraft:fly_one_cm":80808},"minecraft:killed":{"hunterillager:hunterillager":1},"minecraft:used":{"minecraft:bread":6,"minecraft:carrot":3,"minecraft:shield":37,"magistuarmory:wood_morgenstern":12},"minecraft:killed_by":{"majruszsdifficulty:cursed_armor":4,"minecraft:player":1}},"DataVersion":2975}