{"stats":{"minecraft:picked_up":{"minecraft:crafting_table":3,"minecraft:wheat":5,"minecraft:stone_slab":2,"minecraft:enchanted_book":2,"untamedwilds:food_bear_raw":2,"minecraft:bone":10,"untamedwilds:material_fat":1,"magistuarmory:wood_morgenstern":1,"minecraft:iron_ingot":1,"alexsmobs:blobfish":1,"minecraft:oak_planks":11,"minecraft:iron_boots":1,"minecraft:stick":8,"apotheosis:gem":3,"minecraft:porkchop":2,"untamedwilds:hide_bear_brown":3,"minecraft:spruce_sapling":10,"minecraft:spruce_log":15,"minecraft:carrot":14,"minecraft:arrow":18,"minecraft:cooked_cod":3,"minecraft:spruce_boat":1,"minecraft:iron_helmet":1,"minecraft:bread":1,"minecraft:emerald":8,"minecraft:cobblestone":29},"minecraft:crafted":{"minecraft:crafting_table":2,"minecraft:spruce_planks":4,"minecraft:air":56,"minecraft:shield":1,"minecraft:spruce_boat":3},"minecraft:used":{"minecraft:golden_boots":1,"minecraft:trident":3,"minecraft:baked_potato":3,"minecraft:spruce_planks":16,"minecraft:shield":66,"minecraft:iron_sword":85,"minecraft:crafting_table":4,"minecraft:carrot":22,"minecraft:spruce_boat":4,"minecraft:bread":12,"minecraft:iron_pickaxe":43,"magistuarmory:wood_morgenstern":18,"minecraft:spruce_sapling":10,"scattered_weapons:cutlass":4,"minecraft:stone_axe":7,"minecraft:cooked_cod":4,"minecraft:cooked_beef":16,"alexsmobs:blobfish":1},"minecraft:dropped":{"minecraft:golden_boots":1,"minecraft:iron_sword":1,"minecraft:compass":1,"minecraft:wheat":9,"minecraft:iron_helmet":1,"scattered_weapons:cutlass":2,"minecraft:oak_planks":6,"minecraft:stone_slab":2,"minecraft:coal":8,"minecraft:leather_helmet":1,"minecraft:chainmail_chestplate":1,"minecraft:stick":5,"minecraft:potato":2,"minecraft:shield":1,"magistuarmory:wood_morgenstern":1,"hunterillager:boomerang":1,"minecraft:iron_leggings":1,"minecraft:bone":10},"minecraft:mined":{"farmersdelight:wild_carrots":5,"minecraft:crafting_table":3,"minecraft:stone_slab":2,"minecraft:spruce_leaves":2,"minecraft:oak_planks":6,"minecraft:spawner":2,"minecraft:stone_stairs":1,"minecraft:coarse_dirt":1,"treechop:chopped_log":1,"minecraft:grass":1,"minecraft:coal_ore":1,"minecraft:gravel":4,"minecraft:cobweb":1,"minecraft:stone":32},"minecraft:killed_by":{"minecraft:vindicator":10,"minecraft:player":2,"majruszsdifficulty:cursed_armor":4,"minecraft:drowned":1},"minecraft:broken":{"minecraft:shield":1},"minecraft:killed":{"minecraft:vindicator":14,"minecraft:pillager":6,"hunterillager:hunterillager":1},"minecraft:custom":{"lootr:looted_stat":37,"minecraft:mob_kills":26,"minecraft:interact_with_crafting_table":12,"minecraft:open_barrel":13,"minecraft:damage_dealt_resisted":49,"minecraft:leave_game":4,"minecraft:time_since_death":1838,"minecraft:sleep_in_bed":2,"minecraft:climb_one_cm":3774,"minecraft:time_since_rest":1888,"champions:champion_mobs_killed":22,"minecraft:sprint_one_cm":449142,"minecraft:walk_one_cm":397519,"minecraft:damage_taken":5712,"minecraft:damage_absorbed":426,"minecraft:damage_blocked_by_shield":5337,"minecraft:drop":27,"minecraft:damage_dealt":5705,"minecraft:swim_one_cm":77009,"minecraft:damage_dealt_absorbed":26,"minecraft:talked_to_villager":1,"minecraft:fly_one_cm":270283,"minecraft:open_chest":5,"minecraft:crouch_one_cm":1183,"minecraft:play_time":110898,"minecraft:deaths":18,"minecraft:sneak_time":815,"minecraft:walk_under_water_one_cm":100950,"minecraft:boat_one_cm":309404,"minecraft:jump":939,"minecraft:walk_on_water_one_cm":144025,"minecraft:total_world_time":110898,"minecraft:fall_one_cm":11635}},"DataVersion":2975}