{"stats":{"minecraft:broken":{"minecraft:shield":1},"minecraft:mined":{"farmersdelight:wild_carrots":5,"minecraft:crafting_table":3,"minecraft:spruce_leaves":2,"minecraft:oak_planks":4,"minecraft:spawner":2,"minecraft:stone_stairs":1,"minecraft:coarse_dirt":1,"treechop:chopped_log":1,"minecraft:grass":1,"minecraft:coal_ore":1,"minecraft:gravel":4,"minecraft:cobweb":1,"minecraft:stone":27},"minecraft:crafted":{"minecraft:crafting_table":2,"minecraft:spruce_planks":4,"minecraft:air":56,"minecraft:shield":1,"minecraft:spruce_boat":3},"minecraft:picked_up":{"minecraft:crafting_table":3,"minecraft:enchanted_book":2,"untamedwilds:food_bear_raw":2,"minecraft:bone":5,"untamedwilds:material_fat":1,"magistuarmory:wood_morgenstern":1,"minecraft:iron_ingot":1,"minecraft:oak_planks":7,"minecraft:iron_boots":1,"minecraft:stick":8,"apotheosis:gem":1,"minecraft:porkchop":2,"untamedwilds:hide_bear_brown":3,"minecraft:spruce_sapling":10,"minecraft:spruce_log":15,"minecraft:carrot":8,"minecraft:arrow":18,"minecraft:spruce_boat":1,"minecraft:iron_helmet":1,"minecraft:emerald":6,"minecraft:cobblestone":24},"minecraft:custom":{"lootr:looted_stat":30,"minecraft:mob_kills":18,"minecraft:interact_with_crafting_table":11,"minecraft:open_barrel":13,"minecraft:damage_dealt_resisted":49,"minecraft:leave_game":4,"minecraft:time_since_death":1511,"minecraft:sleep_in_bed":2,"minecraft:climb_one_cm":3706,"minecraft:time_since_rest":1670,"champions:champion_mobs_killed":14,"minecraft:sprint_one_cm":426903,"minecraft:walk_one_cm":355103,"minecraft:damage_taken":4216,"minecraft:damage_absorbed":424,"minecraft:damage_blocked_by_shield":4119,"minecraft:drop":18,"minecraft:damage_dealt":3709,"minecraft:swim_one_cm":64383,"minecraft:damage_dealt_absorbed":26,"minecraft:talked_to_villager":1,"minecraft:fly_one_cm":256100,"minecraft:open_chest":5,"minecraft:crouch_one_cm":1181,"minecraft:play_time":93498,"minecraft:deaths":11,"minecraft:sneak_time":685,"minecraft:walk_under_water_one_cm":80647,"minecraft:boat_one_cm":202021,"minecraft:jump":835,"minecraft:walk_on_water_one_cm":109560,"minecraft:total_world_time":93498,"minecraft:fall_one_cm":10756},"minecraft:killed":{"minecraft:vindicator":6,"minecraft:pillager":6,"hunterillager:hunterillager":1},"minecraft:used":{"minecraft:golden_boots":1,"minecraft:trident":2,"minecraft:baked_potato":3,"minecraft:spruce_planks":16,"minecraft:shield":55,"minecraft:iron_sword":52,"minecraft:crafting_table":4,"minecraft:carrot":13,"minecraft:spruce_boat":3,"minecraft:bread":7,"minecraft:iron_pickaxe":36,"magistuarmory:wood_morgenstern":18,"minecraft:spruce_sapling":10,"scattered_weapons:cutlass":4,"minecraft:stone_axe":5,"minecraft:cooked_cod":1,"minecraft:cooked_beef":16},"minecraft:dropped":{"minecraft:golden_boots":1,"minecraft:compass":1,"minecraft:wheat":5,"minecraft:iron_helmet":1,"scattered_weapons:cutlass":2,"minecraft:oak_planks":6,"minecraft:coal":8,"minecraft:leather_helmet":1,"minecraft:chainmail_chestplate":1,"minecraft:stick":5,"minecraft:potato":2,"minecraft:shield":1,"magistuarmory:wood_morgenstern":1,"minecraft:iron_leggings":1},"minecraft:killed_by":{"minecraft:vindicator":3,"minecraft:player":2,"majruszsdifficulty:cursed_armor":4,"minecraft:drowned":1}},"DataVersion":2975}