{"stats":{"minecraft:picked_up":{"minecraft:coarse_dirt":1,"minecraft:crafting_table":5,"minecraft:iron_chestplate":2,"dawncraft:crystallized_xp":3,"minecraft:wheat":6,"minecraft:chicken":1,"bloodandmadness:twin_blood_stone_shards":1,"minecraft:turtle_helmet":1,"minecraft:leather_leggings":1,"minecraft:stone_slab":2,"minecraft:oak_stairs":1,"minecraft:gold_block":2,"minecraft:enchanted_book":4,"minecraft:string":6,"untamedwilds:food_bear_raw":2,"bloodandmadness:blood_vial":3,"magistuarmory:wood_morgenstern":1,"minecraft:spruce_planks":4,"minecraft:beef":8,"alexsmobs:skelewag_sword":2,"minecraft:iron_boots":1,"minecraft:stick":14,"apotheosis:gem":6,"minecraft:bowl":2,"untamedwilds:flora_bush_temperate":1,"minecraft:porkchop":2,"magistuarmory:iron_pike":1,"untamedwilds:hide_bear_brown":3,"minecraft:trident":1,"minecraft:carrot":14,"minecraft:cooked_cod":3,"minecraft:arrow":30,"minecraft:rotten_flesh":2,"minecraft:pumpkin_pie":2,"farmersdelight:onion":3,"minecraft:hay_block":9,"bloodandmadness:sanguisteel_nugget":1,"minecraft:gold_ingot":5,"simple_mobs:lycanthrope_elixir":1,"minecraft:cobblestone":43,"minecraft:feather":3,"minecraft:leather_chestplate":1,"minecraft:air":0,"minecraft:cooked_beef":3,"minecraft:leather":24,"minecraft:mushroom_stew":1,"jet_and_elias_armors:brute_armor_chestplate":1,"minecraft:dirt":4,"minecraft:bone":20,"untamedwilds:material_fat":5,"minecraft:wheat_seeds":11,"minecraft:iron_ingot":1,"dannys_expansion:yellow_spores":7,"minecraft:glowstone_dust":2,"alexsmobs:blobfish":1,"minecraft:oak_planks":11,"paraglider:essence":3,"alexsmobs:fish_bones":1,"minecraft:sweet_berries":15,"minecraft:spruce_sapling":12,"minecraft:spruce_log":15,"minecraft:dark_prismarine":1,"bloodandmadness:bullets/quicksilver_bullet":2,"jet_and_elias_armors:hedge_knight_armor_helmet":1,"minecraft:spruce_boat":4,"biomemakeover:witch_hat":1,"minecraft:iron_helmet":1,"minecraft:golden_apple":1,"minecraft:emerald":10,"minecraft:bread":1,"minecraft:baked_potato":6},"minecraft:crafted":{"minecraft:spruce_boat":3,"quark:spruce_chest":1,"sophisticatedbackpacks:iron_backpack":1,"paraglider:paraglider":1,"sophisticatedbackpacks:backpack":1,"minecraft:crafting_table":3,"minecraft:spruce_planks":4,"sophisticatedbackpacks:gold_backpack":1,"minecraft:air":80,"minecraft:shield":3},"minecraft:used":{"minecraft:trident":104,"minecraft:spruce_planks":26,"minecraft:shield":151,"minecraft:iron_sword":308,"minecraft:dirt":4,"minecraft:carrot":22,"minecraft:spruce_boat":6,"minecraft:oak_stairs":1,"magistuarmory:wood_morgenstern":18,"minecraft:beef":2,"minecraft:sweet_berries":36,"minecraft:cooked_cod":6,"untamedwilds:material_fat":4,"minecraft:cooked_beef":42,"minecraft:potato":38,"alexsmobs:blobfish":1,"minecraft:golden_boots":1,"minecraft:oak_planks":5,"minecraft:baked_potato":9,"minecraft:leather_boots":1,"minecraft:crafting_table":7,"minecraft:mushroom_stew":1,"minecraft:dark_prismarine":1,"minecraft:bread":34,"minecraft:iron_pickaxe":61,"minecraft:spruce_sapling":10,"scattered_weapons:cutlass":4,"minecraft:stone_axe":19,"minecraft:cobblestone":15,"minecraft:pumpkin_pie":2,"minecraft:coarse_dirt":20},"minecraft:dropped":{"minecraft:golden_boots":1,"minecraft:iron_sword":1,"minecraft:wheat_seeds":4,"minecraft:iron_helmet":1,"scattered_weapons:cutlass":2,"minecraft:leather":11,"minecraft:coal":8,"minecraft:leather_helmet":1,"minecraft:stick":5,"irons_spellbooks:scroll":2,"dawncraft:crystallized_xp":3,"alexsmobs:skelewag_sword":2,"hunterillager:boomerang":1,"minecraft:iron_leggings":1,"minecraft:bone":20,"minecraft:compass":1,"minecraft:bowl":3,"minecraft:wheat":9,"minecraft:rotten_flesh":2,"jet_and_elias_armors:hedge_knight_armor_helmet":1,"minecraft:oak_planks":6,"minecraft:stone_slab":2,"minecraft:chainmail_chestplate":2,"magistuarmory:iron_pike":1,"minecraft:filled_map":2,"minecraft:potato":2,"minecraft:shield":1,"magistuarmory:wood_morgenstern":1,"minecraft:iron_chestplate":1,"apotheosis:gem":2,"jet_and_elias_armors:gladiator_armor_boots":1,"minecraft:arrow":25},"minecraft:mined":{"farmersdelight:wild_carrots":5,"minecraft:grass_block":3,"minecraft:spruce_leaves":2,"minecraft:sandstone":2,"minecraft:spawner":2,"minecraft:hay_block":9,"treechop:chopped_log":1,"minecraft:gold_block":2,"minecraft:dirt_path":1,"minecraft:oak_stairs":1,"minecraft:stone":46,"minecraft:crafting_table":5,"untamedwilds:flora_bush_temperate":1,"minecraft:stone_slab":2,"minecraft:tall_grass":4,"minecraft:oak_planks":6,"minecraft:stone_stairs":1,"minecraft:coarse_dirt":3,"minecraft:grass":8,"minecraft:coal_ore":1,"minecraft:gravel":4,"minecraft:dirt":2,"minecraft:cobweb":1},"minecraft:killed_by":{"alexsmobs:skelewag":1,"minecraft:player":3,"untamedwilds:bison":1,"minecraft:drowned":1,"bloodandmadness:church_doctor_crucifix":3,"minecraft:vindicator":10,"minecraft:skeleton":1,"minecraft:zombie":1,"majruszsdifficulty:cursed_armor":8,"hunterillager:hunterillager":1},"minecraft:broken":{"minecraft:iron_boots":1,"minecraft:iron_leggings":1,"minecraft:shield":3,"jet_and_elias_armors:hedge_knight_armor_helmet":1,"minecraft:leather_boots":1,"minecraft:iron_sword":1,"minecraft:iron_helmet":1},"minecraft:killed":{"bloodandmadness:church_doctor":2,"minecraft:vindicator":14,"minecraft:horse":4,"minecraft:skeleton":1,"hunterillager:hunterillager":3,"lilwings:red_applefly_butterfly":1,"bloodandmadness:church_doctor_scythe":2,"restored_earth:viler_witch":1,"minecraft:drowned":1,"alexsmobs:skelewag":1,"minecraft:husk":3,"dannys_expansion:floam":2,"simple_mobs:patronwerewolf":1,"bloodandmadness:church_doctor_pistol":3,"bloodandmadness:church_doctor_lantern":2,"minecraft:pillager":11,"minecraft:zombie":8,"untamedwilds:bison":3,"bloodandmadness:church_doctor_crucifix":1,"alexsmobs:crow":1},"minecraft:custom":{"lootr:looted_stat":48,"minecraft:mob_kills":70,"minecraft:interact_with_crafting_table":22,"minecraft:open_barrel":20,"minecraft:damage_dealt_resisted":452,"minecraft:leave_game":6,"minecraft:time_since_death":30035,"minecraft:climb_one_cm":14317,"champions:champion_mobs_killed":45,"minecraft:sprint_one_cm":1311156,"minecraft:walk_one_cm":1320072,"minecraft:damage_blocked_by_shield":10445,"minecraft:drop":55,"minecraft:damage_dealt_absorbed":216,"minecraft:talked_to_villager":2,"minecraft:play_time":248292,"minecraft:deaths":33,"minecraft:sneak_time":2111,"minecraft:walk_under_water_one_cm":208923,"minecraft:boat_one_cm":505186,"minecraft:jump":3086,"minecraft:walk_on_water_one_cm":290395,"minecraft:total_world_time":248292,"minecraft:sleep_in_bed":4,"minecraft:time_since_rest":30059,"minecraft:damage_taken":14257,"minecraft:damage_absorbed":488,"minecraft:trigger_trapped_chest":1,"minecraft:damage_dealt":20449,"minecraft:swim_one_cm":173385,"minecraft:fly_one_cm":1022386,"minecraft:open_chest":32,"minecraft:crouch_one_cm":2228,"minecraft:fall_one_cm":43735}},"DataVersion":2975}