{"stats":{"minecraft:broken":{"minecraft:shield":1},"minecraft:mined":{"minecraft:coarse_dirt":1,"farmersdelight:wild_carrots":5,"treechop:chopped_log":1,"minecraft:crafting_table":2,"minecraft:grass":1,"minecraft:coal_ore":1,"minecraft:cobweb":1,"minecraft:spruce_leaves":2,"minecraft:oak_planks":3},"minecraft:crafted":{"minecraft:shield":1,"minecraft:crafting_table":1,"minecraft:spruce_planks":4,"minecraft:spruce_boat":1,"minecraft:air":56},"minecraft:picked_up":{"minecraft:stick":3,"minecraft:crafting_table":2,"minecraft:porkchop":2,"untamedwilds:hide_bear_brown":3,"minecraft:spruce_sapling":10,"minecraft:spruce_log":15,"minecraft:carrot":8,"untamedwilds:food_bear_raw":2,"minecraft:bone":5,"minecraft:arrow":3,"untamedwilds:material_fat":1,"minecraft:spruce_boat":1,"magistuarmory:wood_morgenstern":1,"minecraft:iron_ingot":1,"minecraft:emerald":1,"minecraft:oak_planks":3},"minecraft:custom":{"minecraft:time_since_rest":6918,"lootr:looted_stat":14,"champions:champion_mobs_killed":2,"minecraft:sprint_one_cm":372605,"minecraft:walk_one_cm":273229,"minecraft:damage_taken":2144,"minecraft:damage_absorbed":424,"minecraft:damage_blocked_by_shield":3000,"minecraft:mob_kills":1,"minecraft:drop":5,"minecraft:damage_dealt":606,"minecraft:interact_with_crafting_table":7,"minecraft:swim_one_cm":16774,"minecraft:talked_to_villager":1,"minecraft:fly_one_cm":213622,"minecraft:open_barrel":7,"minecraft:open_chest":5,"minecraft:crouch_one_cm":1149,"minecraft:play_time":59547,"minecraft:deaths":6,"minecraft:sneak_time":539,"minecraft:walk_under_water_one_cm":46329,"minecraft:boat_one_cm":70165,"minecraft:jump":625,"minecraft:damage_dealt_resisted":49,"minecraft:leave_game":2,"minecraft:time_since_death":32001,"minecraft:walk_on_water_one_cm":43609,"minecraft:sleep_in_bed":2,"minecraft:total_world_time":59547,"minecraft:climb_one_cm":816,"minecraft:fall_one_cm":8682},"minecraft:killed":{"hunterillager:hunterillager":1},"minecraft:used":{"minecraft:golden_boots":1,"minecraft:spruce_boat":2,"minecraft:bread":6,"minecraft:iron_pickaxe":1,"magistuarmory:wood_morgenstern":13,"minecraft:shield":37,"minecraft:iron_sword":5,"minecraft:spruce_sapling":10,"minecraft:stone_axe":3,"minecraft:crafting_table":2,"minecraft:carrot":8,"minecraft:cooked_beef":6},"minecraft:dropped":{"minecraft:potato":2,"magistuarmory:wood_morgenstern":1,"minecraft:wheat":5,"minecraft:coal":8,"minecraft:chainmail_chestplate":1},"minecraft:killed_by":{"majruszsdifficulty:cursed_armor":4,"minecraft:player":1}},"DataVersion":2975}