{"stats":{"minecraft:broken":{"minecraft:shield":1},"minecraft:mined":{"minecraft:coarse_dirt":1,"farmersdelight:wild_carrots":5,"treechop:chopped_log":1,"minecraft:crafting_table":2,"minecraft:grass":1,"minecraft:coal_ore":1,"minecraft:cobweb":1,"minecraft:spruce_leaves":2,"minecraft:oak_planks":3,"minecraft:spawner":1},"minecraft:crafted":{"minecraft:shield":1,"minecraft:crafting_table":1,"minecraft:spruce_planks":4,"minecraft:spruce_boat":1,"minecraft:air":56},"minecraft:picked_up":{"minecraft:stick":3,"minecraft:crafting_table":2,"minecraft:porkchop":2,"minecraft:spruce_sapling":10,"untamedwilds:hide_bear_brown":3,"minecraft:spruce_log":15,"minecraft:carrot":8,"untamedwilds:food_bear_raw":2,"minecraft:arrow":12,"minecraft:bone":5,"untamedwilds:material_fat":1,"minecraft:spruce_boat":1,"magistuarmory:wood_morgenstern":1,"minecraft:iron_ingot":1,"minecraft:emerald":2,"minecraft:oak_planks":3},"minecraft:custom":{"minecraft:time_since_rest":9533,"champions:champion_mobs_killed":7,"lootr:looted_stat":22,"minecraft:sprint_one_cm":391734,"minecraft:damage_absorbed":424,"minecraft:damage_taken":2734,"minecraft:walk_one_cm":310347,"minecraft:damage_blocked_by_shield":3454,"minecraft:mob_kills":9,"minecraft:drop":8,"minecraft:damage_dealt":1821,"minecraft:talked_to_villager":1,"minecraft:swim_one_cm":17512,"minecraft:interact_with_crafting_table":9,"minecraft:fly_one_cm":238705,"minecraft:open_barrel":13,"minecraft:open_chest":5,"minecraft:crouch_one_cm":1181,"minecraft:play_time":70011,"minecraft:deaths":7,"minecraft:sneak_time":555,"minecraft:walk_under_water_one_cm":51748,"minecraft:boat_one_cm":110917,"minecraft:jump":703,"minecraft:damage_dealt_resisted":49,"minecraft:leave_game":2,"minecraft:time_since_death":9508,"minecraft:walk_on_water_one_cm":54129,"minecraft:sleep_in_bed":2,"minecraft:total_world_time":70011,"minecraft:climb_one_cm":2434,"minecraft:fall_one_cm":9593},"minecraft:killed":{"minecraft:pillager":3,"hunterillager:hunterillager":1,"minecraft:vindicator":2},"minecraft:used":{"minecraft:golden_boots":1,"minecraft:spruce_boat":2,"minecraft:bread":6,"minecraft:iron_pickaxe":3,"magistuarmory:wood_morgenstern":18,"minecraft:shield":48,"minecraft:iron_sword":20,"minecraft:spruce_sapling":10,"minecraft:stone_axe":3,"minecraft:crafting_table":2,"minecraft:carrot":8,"minecraft:cooked_beef":12},"minecraft:dropped":{"minecraft:potato":2,"minecraft:shield":1,"magistuarmory:wood_morgenstern":1,"minecraft:wheat":5,"minecraft:oak_planks":3,"minecraft:coal":8,"minecraft:leather_helmet":1,"minecraft:chainmail_chestplate":1},"minecraft:killed_by":{"minecraft:vindicator":1,"majruszsdifficulty:cursed_armor":4,"minecraft:player":1}},"DataVersion":2975}