{"stats":{"minecraft:broken":{"minecraft:shield":1},"minecraft:mined":{"minecraft:coarse_dirt":1,"farmersdelight:wild_carrots":5,"treechop:chopped_log":1,"minecraft:crafting_table":2,"minecraft:grass":1,"minecraft:cobweb":1,"minecraft:spruce_leaves":2},"minecraft:crafted":{"minecraft:shield":1,"minecraft:crafting_table":1,"minecraft:spruce_planks":4,"minecraft:spruce_boat":1,"minecraft:air":56},"minecraft:picked_up":{"minecraft:stick":3,"minecraft:crafting_table":2,"minecraft:porkchop":2,"minecraft:spruce_sapling":10,"minecraft:spruce_log":15,"minecraft:carrot":8,"minecraft:arrow":3,"minecraft:iron_ingot":1,"minecraft:emerald":1},"minecraft:custom":{"minecraft:time_since_rest":2476,"lootr:looted_stat":7,"champions:champion_mobs_killed":2,"minecraft:sprint_one_cm":202363,"minecraft:walk_one_cm":136350,"minecraft:damage_taken":2060,"minecraft:damage_absorbed":420,"minecraft:damage_blocked_by_shield":3000,"minecraft:mob_kills":1,"minecraft:drop":1,"minecraft:damage_dealt":415,"minecraft:interact_with_crafting_table":7,"minecraft:swim_one_cm":13891,"minecraft:talked_to_villager":1,"minecraft:fly_one_cm":108840,"minecraft:open_barrel":6,"minecraft:play_time":40486,"minecraft:deaths":6,"minecraft:sneak_time":150,"minecraft:walk_under_water_one_cm":42287,"minecraft:boat_one_cm":33124,"minecraft:jump":310,"minecraft:damage_dealt_resisted":49,"minecraft:leave_game":1,"minecraft:time_since_death":12940,"minecraft:walk_on_water_one_cm":34499,"minecraft:sleep_in_bed":1,"minecraft:total_world_time":40486,"minecraft:climb_one_cm":816,"minecraft:fall_one_cm":2802},"minecraft:killed":{"hunterillager:hunterillager":1},"minecraft:used":{"minecraft:spruce_boat":1,"minecraft:bread":6,"magistuarmory:wood_morgenstern":13,"minecraft:shield":37,"minecraft:spruce_sapling":10,"minecraft:crafting_table":2,"minecraft:carrot":8,"minecraft:cooked_beef":2},"minecraft:dropped":{"minecraft:chainmail_chestplate":1},"minecraft:killed_by":{"majruszsdifficulty:cursed_armor":4,"minecraft:player":1}},"DataVersion":2975}