{"stats":{"minecraft:picked_up":{"minecraft:crafting_table":5,"minecraft:iron_chestplate":1,"dawncraft:crystallized_xp":3,"minecraft:wheat":5,"bloodandmadness:twin_blood_stone_shards":1,"minecraft:turtle_helmet":1,"minecraft:leather_leggings":1,"minecraft:stone_slab":2,"minecraft:enchanted_book":4,"minecraft:string":5,"untamedwilds:food_bear_raw":2,"bloodandmadness:blood_vial":3,"magistuarmory:wood_morgenstern":1,"minecraft:spruce_planks":4,"minecraft:beef":4,"alexsmobs:skelewag_sword":2,"minecraft:iron_boots":1,"minecraft:stick":14,"apotheosis:gem":5,"minecraft:bowl":2,"minecraft:porkchop":2,"magistuarmory:iron_pike":1,"untamedwilds:hide_bear_brown":3,"minecraft:trident":1,"minecraft:carrot":14,"minecraft:cooked_cod":3,"minecraft:arrow":24,"minecraft:rotten_flesh":2,"minecraft:pumpkin_pie":2,"bloodandmadness:sanguisteel_nugget":1,"minecraft:gold_ingot":5,"minecraft:cobblestone":43,"minecraft:leather_chestplate":1,"minecraft:air":0,"minecraft:cooked_beef":3,"minecraft:leather":24,"minecraft:mushroom_stew":1,"jet_and_elias_armors:brute_armor_chestplate":1,"minecraft:dirt":3,"minecraft:bone":19,"untamedwilds:material_fat":5,"minecraft:wheat_seeds":2,"minecraft:iron_ingot":1,"dannys_expansion:yellow_spores":7,"minecraft:glowstone_dust":2,"alexsmobs:blobfish":1,"minecraft:oak_planks":11,"paraglider:essence":3,"alexsmobs:fish_bones":1,"minecraft:sweet_berries":15,"minecraft:spruce_sapling":12,"minecraft:spruce_log":15,"minecraft:dark_prismarine":1,"bloodandmadness:bullets/quicksilver_bullet":2,"jet_and_elias_armors:hedge_knight_armor_helmet":1,"minecraft:spruce_boat":2,"biomemakeover:witch_hat":1,"minecraft:iron_helmet":1,"minecraft:emerald":10,"minecraft:bread":1,"minecraft:baked_potato":6},"minecraft:crafted":{"minecraft:spruce_boat":3,"quark:spruce_chest":1,"sophisticatedbackpacks:iron_backpack":1,"paraglider:paraglider":1,"sophisticatedbackpacks:backpack":1,"minecraft:crafting_table":3,"minecraft:spruce_planks":4,"sophisticatedbackpacks:gold_backpack":1,"minecraft:air":80,"minecraft:shield":3},"minecraft:used":{"minecraft:trident":42,"minecraft:spruce_planks":26,"minecraft:shield":145,"minecraft:iron_sword":307,"minecraft:dirt":3,"minecraft:carrot":22,"minecraft:spruce_boat":5,"magistuarmory:wood_morgenstern":18,"minecraft:beef":2,"minecraft:sweet_berries":36,"minecraft:cooked_cod":6,"untamedwilds:material_fat":4,"minecraft:cooked_beef":25,"minecraft:potato":38,"alexsmobs:blobfish":1,"minecraft:golden_boots":1,"minecraft:baked_potato":9,"minecraft:leather_boots":1,"minecraft:crafting_table":7,"minecraft:mushroom_stew":1,"minecraft:dark_prismarine":1,"minecraft:bread":34,"minecraft:iron_pickaxe":57,"minecraft:spruce_sapling":10,"scattered_weapons:cutlass":4,"minecraft:stone_axe":9,"minecraft:cobblestone":13,"minecraft:pumpkin_pie":1,"minecraft:coarse_dirt":4},"minecraft:dropped":{"minecraft:golden_boots":1,"minecraft:iron_sword":1,"minecraft:wheat_seeds":2,"minecraft:iron_helmet":1,"scattered_weapons:cutlass":2,"minecraft:leather":11,"minecraft:coal":8,"minecraft:leather_helmet":1,"minecraft:stick":5,"irons_spellbooks:scroll":1,"dawncraft:crystallized_xp":3,"alexsmobs:skelewag_sword":2,"hunterillager:boomerang":1,"minecraft:iron_leggings":1,"minecraft:bone":19,"minecraft:compass":1,"minecraft:bowl":3,"minecraft:wheat":9,"minecraft:rotten_flesh":2,"jet_and_elias_armors:hedge_knight_armor_helmet":1,"minecraft:oak_planks":6,"minecraft:stone_slab":2,"minecraft:chainmail_chestplate":2,"magistuarmory:iron_pike":1,"minecraft:filled_map":2,"minecraft:potato":2,"minecraft:shield":1,"magistuarmory:wood_morgenstern":1,"minecraft:iron_chestplate":1,"apotheosis:gem":2,"jet_and_elias_armors:gladiator_armor_boots":1,"minecraft:arrow":25},"minecraft:mined":{"farmersdelight:wild_carrots":5,"minecraft:grass_block":3,"minecraft:spruce_leaves":2,"minecraft:spawner":2,"treechop:chopped_log":1,"minecraft:dirt_path":1,"minecraft:stone":46,"minecraft:crafting_table":5,"minecraft:stone_slab":2,"minecraft:tall_grass":4,"minecraft:oak_planks":6,"minecraft:stone_stairs":1,"minecraft:coarse_dirt":1,"minecraft:grass":3,"minecraft:coal_ore":1,"minecraft:gravel":4,"minecraft:dirt":1,"minecraft:cobweb":1},"minecraft:killed_by":{"alexsmobs:skelewag":1,"minecraft:player":3,"untamedwilds:bison":1,"minecraft:drowned":1,"bloodandmadness:church_doctor_crucifix":3,"minecraft:vindicator":10,"minecraft:skeleton":1,"minecraft:zombie":1,"majruszsdifficulty:cursed_armor":7},"minecraft:broken":{"minecraft:iron_boots":1,"minecraft:iron_leggings":1,"minecraft:shield":3,"minecraft:iron_helmet":1},"minecraft:killed":{"bloodandmadness:church_doctor":2,"minecraft:vindicator":14,"minecraft:horse":4,"minecraft:skeleton":1,"hunterillager:hunterillager":1,"bloodandmadness:church_doctor_scythe":2,"restored_earth:viler_witch":1,"minecraft:drowned":1,"alexsmobs:skelewag":1,"dannys_expansion:floam":2,"bloodandmadness:church_doctor_pistol":3,"bloodandmadness:church_doctor_lantern":2,"minecraft:pillager":11,"minecraft:zombie":8,"untamedwilds:bison":3,"bloodandmadness:church_doctor_crucifix":1},"minecraft:custom":{"lootr:looted_stat":42,"minecraft:mob_kills":61,"minecraft:interact_with_crafting_table":21,"minecraft:open_barrel":20,"minecraft:damage_dealt_resisted":433,"minecraft:leave_game":6,"minecraft:time_since_death":87,"minecraft:climb_one_cm":11580,"champions:champion_mobs_killed":39,"minecraft:sprint_one_cm":1016972,"minecraft:walk_one_cm":1092304,"minecraft:damage_blocked_by_shield":9937,"minecraft:drop":51,"minecraft:damage_dealt_absorbed":216,"minecraft:talked_to_villager":1,"minecraft:play_time":212292,"minecraft:deaths":31,"minecraft:sneak_time":1927,"minecraft:walk_under_water_one_cm":187344,"minecraft:boat_one_cm":484990,"minecraft:jump":2590,"minecraft:walk_on_water_one_cm":261291,"minecraft:total_world_time":212292,"minecraft:sleep_in_bed":4,"minecraft:time_since_rest":114,"minecraft:damage_taken":12411,"minecraft:damage_absorbed":474,"minecraft:damage_dealt":18731,"minecraft:swim_one_cm":169717,"minecraft:fly_one_cm":729489,"minecraft:open_chest":27,"minecraft:crouch_one_cm":2072,"minecraft:fall_one_cm":36167}},"DataVersion":2975}