{"stats":{"minecraft:dropped":{"minecraft:golden_boots":1,"minecraft:iron_sword":1,"minecraft:compass":1,"minecraft:wheat_seeds":2,"minecraft:bowl":3,"minecraft:wheat":9,"jet_and_elias_armors:hedge_knight_armor_helmet":1,"minecraft:iron_helmet":1,"minecraft:rotten_flesh":2,"scattered_weapons:cutlass":2,"minecraft:oak_planks":6,"minecraft:stone_slab":2,"minecraft:leather_helmet":1,"minecraft:coal":8,"minecraft:filled_map":2,"minecraft:stick":5,"minecraft:chainmail_chestplate":2,"magistuarmory:iron_pike":1,"minecraft:potato":2,"minecraft:shield":1,"magistuarmory:wood_morgenstern":1,"dawncraft:crystallized_xp":3,"minecraft:iron_chestplate":1,"alexsmobs:skelewag_sword":2,"apotheosis:gem":2,"hunterillager:boomerang":1,"minecraft:iron_leggings":1,"jet_and_elias_armors:gladiator_armor_boots":1,"minecraft:bone":19},"minecraft:used":{"minecraft:golden_boots":1,"minecraft:trident":24,"minecraft:baked_potato":9,"minecraft:spruce_planks":26,"minecraft:shield":121,"minecraft:iron_sword":255,"minecraft:dirt":3,"minecraft:crafting_table":5,"minecraft:mushroom_stew":1,"minecraft:carrot":22,"minecraft:spruce_boat":4,"minecraft:dark_prismarine":1,"minecraft:bread":32,"minecraft:iron_pickaxe":57,"magistuarmory:wood_morgenstern":18,"minecraft:spruce_sapling":10,"scattered_weapons:cutlass":4,"minecraft:stone_axe":8,"minecraft:beef":2,"minecraft:sweet_berries":36,"minecraft:cooked_cod":4,"untamedwilds:material_fat":4,"minecraft:cooked_beef":16,"alexsmobs:blobfish":1},"minecraft:broken":{"minecraft:shield":2,"minecraft:iron_boots":1,"minecraft:iron_helmet":1},"minecraft:killed":{"bloodandmadness:church_doctor":1,"dannys_expansion:floam":2,"minecraft:vindicator":14,"bloodandmadness:church_doctor_pistol":2,"bloodandmadness:church_doctor_lantern":2,"minecraft:horse":4,"minecraft:skeleton":1,"minecraft:pillager":11,"hunterillager:hunterillager":1,"minecraft:zombie":7,"bloodandmadness:church_doctor_crucifix":1,"bloodandmadness:church_doctor_scythe":2,"untamedwilds:bison":3,"alexsmobs:skelewag":1},"minecraft:crafted":{"sophisticatedbackpacks:backpack":1,"minecraft:crafting_table":2,"minecraft:spruce_planks":4,"sophisticatedbackpacks:gold_backpack":1,"minecraft:air":56,"minecraft:shield":2,"minecraft:spruce_boat":3,"quark:spruce_chest":1,"sophisticatedbackpacks:iron_backpack":1},"minecraft:custom":{"lootr:looted_stat":39,"minecraft:mob_kills":57,"minecraft:interact_with_crafting_table":18,"minecraft:open_barrel":14,"minecraft:damage_dealt_resisted":49,"minecraft:leave_game":6,"minecraft:time_since_death":2163,"minecraft:sleep_in_bed":4,"minecraft:climb_one_cm":11378,"minecraft:time_since_rest":2188,"champions:champion_mobs_killed":36,"minecraft:sprint_one_cm":810665,"minecraft:damage_absorbed":457,"minecraft:damage_taken":9707,"minecraft:walk_one_cm":883860,"minecraft:damage_blocked_by_shield":8047,"minecraft:drop":48,"minecraft:damage_dealt":16699,"minecraft:damage_dealt_absorbed":175,"minecraft:swim_one_cm":116571,"minecraft:talked_to_villager":1,"minecraft:fly_one_cm":528875,"minecraft:open_chest":15,"minecraft:crouch_one_cm":2013,"minecraft:play_time":176672,"minecraft:deaths":26,"minecraft:walk_under_water_one_cm":119905,"minecraft:sneak_time":1421,"minecraft:boat_one_cm":405350,"minecraft:jump":2059,"minecraft:walk_on_water_one_cm":215469,"minecraft:total_world_time":176672,"minecraft:fall_one_cm":28664},"minecraft:picked_up":{"minecraft:wheat":5,"minecraft:iron_chestplate":1,"minecraft:crafting_table":4,"dawncraft:crystallized_xp":3,"bloodandmadness:twin_blood_stone_shards":1,"minecraft:leather":12,"minecraft:stone_slab":2,"minecraft:enchanted_book":3,"minecraft:mushroom_stew":1,"jet_and_elias_armors:brute_armor_chestplate":1,"minecraft:string":5,"minecraft:dirt":3,"untamedwilds:food_bear_raw":2,"minecraft:bone":19,"bloodandmadness:blood_vial":3,"untamedwilds:material_fat":5,"minecraft:wheat_seeds":2,"magistuarmory:wood_morgenstern":1,"minecraft:spruce_planks":4,"minecraft:iron_ingot":1,"minecraft:beef":4,"dannys_expansion:yellow_spores":7,"paraglider:essence":3,"alexsmobs:blobfish":1,"alexsmobs:skelewag_sword":2,"minecraft:oak_planks":11,"minecraft:iron_boots":1,"minecraft:stick":8,"apotheosis:gem":4,"alexsmobs:fish_bones":1,"minecraft:sweet_berries":15,"minecraft:bowl":2,"minecraft:porkchop":2,"magistuarmory:iron_pike":1,"minecraft:spruce_sapling":12,"untamedwilds:hide_bear_brown":3,"minecraft:spruce_log":15,"minecraft:carrot":14,"bloodandmadness:bullets/quicksilver_bullet":2,"minecraft:dark_prismarine":1,"minecraft:rotten_flesh":2,"minecraft:arrow":24,"jet_and_elias_armors:hedge_knight_armor_helmet":1,"minecraft:cooked_cod":3,"minecraft:spruce_boat":2,"minecraft:iron_helmet":1,"bloodandmadness:sanguisteel_nugget":1,"minecraft:bread":1,"minecraft:gold_ingot":3,"minecraft:emerald":8,"minecraft:baked_potato":6,"minecraft:cobblestone":43},"minecraft:mined":{"farmersdelight:wild_carrots":5,"minecraft:crafting_table":4,"minecraft:grass_block":2,"minecraft:stone_slab":2,"minecraft:tall_grass":4,"minecraft:spruce_leaves":2,"minecraft:oak_planks":6,"minecraft:spawner":2,"minecraft:stone_stairs":1,"minecraft:coarse_dirt":1,"treechop:chopped_log":1,"minecraft:grass":3,"minecraft:coal_ore":1,"minecraft:dirt_path":1,"minecraft:gravel":4,"minecraft:dirt":1,"minecraft:cobweb":1,"minecraft:stone":46},"minecraft:killed_by":{"minecraft:vindicator":10,"alexsmobs:skelewag":1,"minecraft:player":3,"minecraft:skeleton":1,"minecraft:zombie":1,"untamedwilds:bison":1,"majruszsdifficulty:cursed_armor":4,"minecraft:drowned":1,"bloodandmadness:church_doctor_crucifix":2}},"DataVersion":2975}