{"stats":{"minecraft:picked_up":{"minecraft:crafting_table":3,"minecraft:iron_chestplate":1,"minecraft:wheat":5,"minecraft:stone_slab":2,"minecraft:enchanted_book":3,"minecraft:mushroom_stew":1,"jet_and_elias_armors:brute_armor_chestplate":1,"untamedwilds:food_bear_raw":2,"minecraft:bone":10,"untamedwilds:material_fat":1,"magistuarmory:wood_morgenstern":1,"minecraft:iron_ingot":1,"dannys_expansion:yellow_spores":4,"alexsmobs:blobfish":1,"minecraft:oak_planks":11,"alexsmobs:skelewag_sword":1,"minecraft:iron_boots":1,"minecraft:stick":8,"apotheosis:gem":3,"alexsmobs:fish_bones":1,"minecraft:bowl":2,"minecraft:porkchop":2,"untamedwilds:hide_bear_brown":3,"minecraft:spruce_sapling":10,"minecraft:spruce_log":15,"minecraft:carrot":14,"minecraft:dark_prismarine":1,"minecraft:arrow":22,"jet_and_elias_armors:hedge_knight_armor_helmet":1,"minecraft:cooked_cod":3,"minecraft:spruce_boat":1,"minecraft:iron_helmet":1,"minecraft:emerald":8,"minecraft:bread":1,"minecraft:baked_potato":6,"minecraft:cobblestone":29},"minecraft:crafted":{"minecraft:crafting_table":2,"minecraft:spruce_planks":4,"minecraft:air":56,"minecraft:shield":1,"minecraft:spruce_boat":3},"minecraft:used":{"minecraft:golden_boots":1,"minecraft:trident":3,"minecraft:baked_potato":6,"minecraft:spruce_planks":16,"minecraft:shield":80,"minecraft:iron_sword":117,"minecraft:crafting_table":4,"minecraft:mushroom_stew":1,"minecraft:carrot":22,"minecraft:spruce_boat":4,"minecraft:dark_prismarine":1,"minecraft:bread":12,"minecraft:iron_pickaxe":43,"magistuarmory:wood_morgenstern":18,"minecraft:spruce_sapling":10,"scattered_weapons:cutlass":4,"minecraft:stone_axe":7,"minecraft:cooked_cod":4,"minecraft:cooked_beef":16,"alexsmobs:blobfish":1},"minecraft:dropped":{"minecraft:golden_boots":1,"minecraft:iron_sword":1,"minecraft:compass":1,"minecraft:bowl":3,"minecraft:wheat":9,"minecraft:iron_helmet":1,"jet_and_elias_armors:hedge_knight_armor_helmet":1,"scattered_weapons:cutlass":2,"minecraft:oak_planks":6,"minecraft:stone_slab":2,"minecraft:leather_helmet":1,"minecraft:coal":8,"minecraft:chainmail_chestplate":2,"minecraft:stick":5,"minecraft:potato":2,"minecraft:shield":1,"magistuarmory:wood_morgenstern":1,"minecraft:iron_chestplate":1,"apotheosis:gem":1,"hunterillager:boomerang":1,"jet_and_elias_armors:gladiator_armor_boots":1,"minecraft:iron_leggings":1,"minecraft:bone":10},"minecraft:mined":{"farmersdelight:wild_carrots":5,"minecraft:crafting_table":3,"minecraft:stone_slab":2,"minecraft:spruce_leaves":2,"minecraft:oak_planks":6,"minecraft:spawner":2,"minecraft:stone_stairs":1,"minecraft:coarse_dirt":1,"treechop:chopped_log":1,"minecraft:grass":1,"minecraft:coal_ore":1,"minecraft:gravel":4,"minecraft:cobweb":1,"minecraft:stone":32},"minecraft:killed_by":{"minecraft:vindicator":10,"alexsmobs:skelewag":1,"minecraft:player":3,"majruszsdifficulty:cursed_armor":4,"minecraft:drowned":1},"minecraft:broken":{"minecraft:shield":2,"minecraft:iron_helmet":1},"minecraft:killed":{"dannys_expansion:floam":1,"minecraft:vindicator":14,"minecraft:pillager":11,"hunterillager:hunterillager":1,"minecraft:zombie":2,"alexsmobs:skelewag":1},"minecraft:custom":{"lootr:looted_stat":39,"minecraft:mob_kills":33,"minecraft:interact_with_crafting_table":12,"minecraft:open_barrel":14,"minecraft:damage_dealt_resisted":49,"minecraft:leave_game":5,"minecraft:time_since_death":9898,"minecraft:sleep_in_bed":2,"minecraft:climb_one_cm":10484,"minecraft:time_since_rest":9923,"champions:champion_mobs_killed":30,"minecraft:sprint_one_cm":490732,"minecraft:walk_one_cm":494529,"minecraft:damage_taken":6678,"minecraft:damage_absorbed":438,"minecraft:damage_blocked_by_shield":6018,"minecraft:drop":35,"minecraft:damage_dealt":7405,"minecraft:damage_dealt_absorbed":69,"minecraft:swim_one_cm":94200,"minecraft:talked_to_villager":1,"minecraft:fly_one_cm":305167,"minecraft:open_chest":5,"minecraft:crouch_one_cm":1569,"minecraft:play_time":128735,"minecraft:deaths":20,"minecraft:sneak_time":1136,"minecraft:walk_under_water_one_cm":106402,"minecraft:boat_one_cm":405073,"minecraft:jump":1223,"minecraft:walk_on_water_one_cm":158161,"minecraft:total_world_time":128735,"minecraft:fall_one_cm":13785}},"DataVersion":2975}