{"stats":{"minecraft:broken":{"minecraft:shield":1},"minecraft:custom":{"minecraft:time_since_rest":1351,"champions:champion_mobs_killed":1,"minecraft:damage_absorbed":420,"minecraft:play_time":16486,"lootr:looted_stat":1,"minecraft:sprint_one_cm":51493,"minecraft:deaths":4,"minecraft:damage_taken":1500,"minecraft:walk_one_cm":28468,"minecraft:damage_blocked_by_shield":3000,"minecraft:sneak_time":149,"minecraft:walk_under_water_one_cm":41837,"minecraft:damage_dealt_resisted":49,"minecraft:jump":72,"minecraft:damage_dealt":252,"minecraft:leave_game":1,"minecraft:walk_on_water_one_cm":30164,"minecraft:time_since_death":1317,"minecraft:total_world_time":16486,"minecraft:swim_one_cm":13300,"minecraft:fall_one_cm":476,"minecraft:fly_one_cm":28871},"minecraft:used":{"minecraft:bread":6,"minecraft:shield":37,"magistuarmory:wood_morgenstern":8},"minecraft:killed_by":{"majruszsdifficulty:cursed_armor":4}},"DataVersion":2975}