{"stats":{"minecraft:broken":{"minecraft:flint_and_steel":1},"minecraft:mined":{"untamedwilds:flora_junegrass":1,"immersive_weathering:spruce_leaf_pile":2,"farmersdelight:wild_carrots":3,"minecraft:stripped_crimson_hyphae":2,"minecraft:grass_block":9,"minecraft:spruce_leaves":2,"minecraft:oak_planks":3,"minecraft:spruce_stairs":1,"minecraft:fire":5,"minecraft:grass":1,"minecraft:dirt_path":1,"minecraft:gravel":6,"minecraft:dirt":3,"minecraft:stone":7,"minecraft:spruce_slab":5},"minecraft:picked_up":{"paraglider:spirit_orb":1,"minecraft:flint":1,"minecraft:dirt":12,"minecraft:iron_leggings":1,"minecraft:compass":1,"magistuarmory:wood_morgenstern":1,"minecraft:spruce_slab":6,"minecraft:stripped_crimson_hyphae":2,"apotheosis:gem":1,"minecraft:gravel":5,"minecraft:porkchop":3,"minecraft:spruce_sapling":1,"minecraft:arrow":5,"minecraft:spruce_boat":2,"minecraft:iron_helmet":1,"hunterillager:boomerang":1,"minecraft:emerald":1,"minecraft:cobblestone":3},"minecraft:custom":{"lootr:looted_stat":28,"minecraft:mob_kills":12,"minecraft:interact_with_crafting_table":2,"minecraft:open_barrel":14,"minecraft:damage_dealt_resisted":21,"minecraft:leave_game":2,"minecraft:time_since_death":8775,"minecraft:climb_one_cm":3969,"minecraft:time_since_rest":8798,"minecraft:waystone_activated":1,"champions:champion_mobs_killed":12,"minecraft:sprint_one_cm":137898,"minecraft:damage_taken":1277,"minecraft:walk_one_cm":357434,"minecraft:drop":13,"minecraft:damage_dealt":18,"minecraft:swim_one_cm":33088,"minecraft:fly_one_cm":315700,"minecraft:player_kills":2,"minecraft:open_chest":1,"minecraft:crouch_one_cm":6234,"minecraft:play_time":77848,"minecraft:deaths":1,"minecraft:sneak_time":1444,"minecraft:walk_under_water_one_cm":32362,"minecraft:boat_one_cm":3465,"minecraft:jump":1101,"minecraft:walk_on_water_one_cm":76984,"minecraft:total_world_time":77848,"minecraft:fall_one_cm":20120},"minecraft:killed":{"untamedwilds:terror_bird":1,"minecraft:vindicator":3,"minecraft:cod":1,"untamedwilds:bear":1,"minecraft:skeleton":1,"minecraft:pillager":7,"hunterillager:hunterillager":1},"minecraft:used":{"minecraft:water_bucket":5,"minecraft:flint_and_steel":63,"minecraft:dirt":9,"minecraft:tnt":3,"minecraft:carrot":1,"minecraft:spruce_boat":2,"minecraft:apple":10,"minecraft:iron_axe":6,"minecraft:bread":14,"minecraft:iron_pickaxe":24,"create:honeyed_apple":1,"minecraft:stone_axe":5,"minecraft:cobblestone":7,"minecraft:bow":3,"minecraft:porkchop":3,"minecraft:bucket":4,"minecraft:air":1},"minecraft:dropped":{"minecraft:gravel":5,"minecraft:iron_ingot":1,"minecraft:compass":1,"minecraft:wheat":6,"minecraft:iron_helmet":1,"minecraft:iron_boots":1,"minecraft:filled_map":1,"magistuarmory:wood_morgenstern":1,"minecraft:leather_boots":1,"apotheosis:gem":2,"minecraft:spruce_slab":6,"minecraft:spruce_sapling":1},"minecraft:killed_by":{"minecraft:drowned":1}},"DataVersion":2975}