{"stats":{"minecraft:broken":{"minecraft:flint_and_steel":1},"minecraft:mined":{"untamedwilds:flora_junegrass":1,"minecraft:fire":5,"immersive_weathering:spruce_leaf_pile":2,"farmersdelight:wild_carrots":3,"minecraft:grass":1,"minecraft:stripped_crimson_hyphae":2,"minecraft:grass_block":3,"minecraft:dirt_path":1,"minecraft:dirt":3,"minecraft:spruce_leaves":2,"minecraft:oak_planks":3,"minecraft:spruce_slab":5,"minecraft:spruce_stairs":1},"minecraft:picked_up":{"apotheosis:gem":1,"paraglider:spirit_orb":1,"minecraft:porkchop":3,"minecraft:spruce_sapling":1,"minecraft:dirt":6,"minecraft:iron_leggings":1,"minecraft:compass":1,"minecraft:arrow":5,"minecraft:spruce_boat":2,"magistuarmory:wood_morgenstern":1,"minecraft:iron_helmet":1,"minecraft:emerald":1,"hunterillager:boomerang":1,"minecraft:spruce_slab":6,"minecraft:stripped_crimson_hyphae":2},"minecraft:custom":{"minecraft:time_since_rest":66163,"minecraft:waystone_activated":1,"champions:champion_mobs_killed":12,"lootr:looted_stat":26,"minecraft:sprint_one_cm":129720,"minecraft:damage_taken":946,"minecraft:walk_one_cm":338768,"minecraft:mob_kills":11,"minecraft:drop":10,"minecraft:damage_dealt":14,"minecraft:swim_one_cm":21295,"minecraft:interact_with_crafting_table":2,"minecraft:player_kills":1,"minecraft:fly_one_cm":289631,"minecraft:open_barrel":14,"minecraft:open_chest":1,"minecraft:crouch_one_cm":3679,"minecraft:play_time":66163,"minecraft:sneak_time":959,"minecraft:walk_under_water_one_cm":25457,"minecraft:boat_one_cm":3465,"minecraft:jump":972,"minecraft:leave_game":1,"minecraft:time_since_death":66163,"minecraft:walk_on_water_one_cm":64160,"minecraft:total_world_time":66163,"minecraft:climb_one_cm":3969,"minecraft:fall_one_cm":19573},"minecraft:killed":{"minecraft:skeleton":1,"untamedwilds:bear":1,"minecraft:pillager":7,"hunterillager:hunterillager":1,"untamedwilds:terror_bird":1,"minecraft:vindicator":3},"minecraft:used":{"minecraft:spruce_boat":2,"minecraft:water_bucket":1,"minecraft:apple":9,"minecraft:flint_and_steel":63,"minecraft:iron_axe":6,"minecraft:bread":13,"minecraft:iron_pickaxe":5,"minecraft:stone_axe":5,"minecraft:dirt":3,"minecraft:cobblestone":4,"minecraft:bow":3,"minecraft:tnt":3,"minecraft:porkchop":3,"minecraft:air":1},"minecraft:dropped":{"minecraft:iron_ingot":1,"minecraft:filled_map":1,"magistuarmory:wood_morgenstern":1,"apotheosis:gem":1,"minecraft:wheat":6,"minecraft:leather_boots":1,"minecraft:iron_helmet":1,"minecraft:iron_boots":1,"minecraft:spruce_slab":6,"minecraft:spruce_sapling":1}},"DataVersion":2975}