{"stats":{"minecraft:mined":{"minecraft:grass_block":3,"minecraft:dirt":3,"immersive_weathering:spruce_leaf_pile":2,"farmersdelight:wild_carrots":3,"minecraft:spruce_leaves":2},"minecraft:picked_up":{"apotheosis:gem":1,"minecraft:arrow":3,"paraglider:spirit_orb":1,"minecraft:porkchop":3,"minecraft:spruce_sapling":1,"hunterillager:boomerang":1,"minecraft:dirt":6},"minecraft:custom":{"minecraft:open_barrel":2,"minecraft:open_chest":1,"minecraft:time_since_rest":24984,"lootr:looted_stat":4,"minecraft:play_time":24984,"minecraft:crouch_one_cm":2339,"champions:champion_mobs_killed":1,"minecraft:sprint_one_cm":52075,"minecraft:damage_taken":113,"minecraft:walk_one_cm":126425,"minecraft:sneak_time":333,"minecraft:walk_under_water_one_cm":398,"minecraft:mob_kills":1,"minecraft:boat_one_cm":928,"minecraft:drop":2,"minecraft:jump":361,"minecraft:damage_dealt":10,"minecraft:walk_on_water_one_cm":1570,"minecraft:time_since_death":24984,"minecraft:climb_one_cm":1034,"minecraft:total_world_time":24984,"minecraft:interact_with_crafting_table":1,"minecraft:fall_one_cm":9103,"minecraft:fly_one_cm":127631,"minecraft:player_kills":1},"minecraft:killed":{"hunterillager:hunterillager":1},"minecraft:used":{"minecraft:apple":4,"minecraft:dirt":3,"minecraft:porkchop":3,"minecraft:iron_pickaxe":5},"minecraft:dropped":{"minecraft:iron_ingot":1,"minecraft:spruce_sapling":1}},"DataVersion":2975}