{"stats":{"minecraft:picked_up":{"minecraft:feather":1,"minecraft:iron_chestplate":1,"minecraft:chicken":1,"minecraft:leather":5,"minecraft:black_bed":1,"minecraft:filled_map":2,"minecraft:enchanted_book":1,"paraglider:spirit_orb":1,"minecraft:flint":1,"minecraft:string":1,"minecraft:dirt":12,"minecraft:iron_leggings":2,"minecraft:compass":1,"minecraft:bone":18,"magistuarmory:wood_morgenstern":1,"minecraft:spruce_planks":16,"minecraft:beef":10,"minecraft:spruce_slab":6,"apotheosis:gem":1,"minecraft:stripped_crimson_hyphae":3,"minecraft:bowl":1,"minecraft:gravel":5,"minecraft:porkchop":3,"minecraft:spruce_sapling":1,"minecraft:spruce_log":6,"minecraft:ink_sac":6,"minecraft:redstone":1,"minecraft:dark_prismarine":8,"minecraft:rotten_flesh":2,"minecraft:arrow":7,"minecraft:spruce_boat":4,"minecraft:iron_helmet":1,"minecraft:gray_wool":4,"minecraft:emerald":3,"hunterillager:boomerang":1,"minecraft:bread":1,"minecraft:cobblestone":3,"minecraft:crafting_table":1},"minecraft:crafted":{"sophisticatedbackpacks:backpack":1,"minecraft:spruce_planks":4,"sophisticatedbackpacks:gold_backpack":1,"minecraft:air":27,"minecraft:string":4,"minecraft:chest":2,"quark:spruce_chest":1,"sophisticatedbackpacks:iron_backpack":1},"minecraft:used":{"minecraft:water_bucket":5,"minecraft:flint_and_steel":63,"minecraft:baked_potato":3,"minecraft:redstone":1,"minecraft:iron_sword":9,"minecraft:dirt":9,"minecraft:crafting_table":2,"minecraft:tnt":3,"minecraft:carrot":3,"minecraft:spruce_boat":4,"minecraft:dark_prismarine":7,"minecraft:apple":28,"minecraft:iron_axe":32,"minecraft:bread":14,"minecraft:iron_pickaxe":33,"create:honeyed_apple":1,"scattered_weapons:cutlass":33,"minecraft:stone_axe":5,"minecraft:cobblestone":7,"minecraft:bow":9,"minecraft:porkchop":3,"minecraft:bucket":4,"minecraft:air":1},"minecraft:dropped":{"minecraft:enchanted_book":1,"minecraft:bread":2,"minecraft:gravel":5,"minecraft:iron_ingot":1,"minecraft:iron_sword":1,"minecraft:compass":1,"minecraft:iron_nugget":3,"minecraft:baked_potato":6,"minecraft:bowl":1,"minecraft:wheat":7,"minecraft:feather":1,"minecraft:chicken":1,"alexsmobs:blobfish":1,"minecraft:iron_helmet":2,"minecraft:iron_boots":1,"minecraft:carrot":6,"minecraft:mushroom_stew":1,"minecraft:filled_map":4,"minecraft:gunpowder":1,"magistuarmory:wood_morgenstern":1,"minecraft:ink_sac":3,"minecraft:spruce_planks":20,"minecraft:iron_chestplate":1,"minecraft:leather_boots":1,"minecraft:cooked_cod":3,"apotheosis:gem":2,"minecraft:potion":1,"minecraft:iron_leggings":2,"jet_and_elias_armors:brute_armor_chestplate":1,"minecraft:spruce_slab":6,"minecraft:stripped_crimson_hyphae":1,"minecraft:string":5,"minecraft:dark_prismarine":1,"minecraft:spruce_sapling":1,"minecraft:gold_ingot":3,"minecraft:bone":9},"minecraft:mined":{"minecraft:oak_slab":4,"minecraft:dark_prismarine":8,"minecraft:quartz_block":1,"untamedwilds:flora_junegrass":1,"immersive_weathering:spruce_leaf_pile":2,"farmersdelight:wild_carrots":3,"minecraft:crafting_table":1,"minecraft:stripped_crimson_hyphae":3,"minecraft:grass_block":9,"minecraft:redstone_wire":1,"minecraft:tall_grass":2,"minecraft:spruce_leaves":3,"minecraft:oak_planks":6,"minecraft:spruce_stairs":1,"minecraft:gray_wool":4,"minecraft:fire":5,"treechop:chopped_log":1,"minecraft:spruce_log":1,"minecraft:black_bed":1,"minecraft:grass":3,"minecraft:dirt_path":1,"minecraft:gravel":6,"minecraft:dirt":3,"minecraft:stone":7,"minecraft:spruce_slab":5},"minecraft:killed_by":{"minecraft:vindicator":2,"alexsmobs:skelewag":1,"minecraft:drowned":1},"minecraft:broken":{"minecraft:flint_and_steel":1},"minecraft:killed":{"untamedwilds:terror_bird":1,"minecraft:spider":3,"minecraft:vindicator":5,"minecraft:cod":1,"untamedwilds:bear":1,"minecraft:skeleton":2,"hexerei:crow":1,"minecraft:pillager":10,"hunterillager:hunterillager":1,"minecraft:zombie":3,"minecraft:chicken":1,"minecraft:cow":4},"minecraft:custom":{"lootr:looted_stat":36,"minecraft:interact_with_furnace":1,"minecraft:mob_kills":32,"minecraft:interact_with_crafting_table":16,"minecraft:tune_noteblock":8,"minecraft:open_barrel":16,"minecraft:damage_dealt_resisted":21,"minecraft:leave_game":3,"minecraft:time_since_death":37434,"minecraft:sleep_in_bed":1,"minecraft:climb_one_cm":18997,"minecraft:time_since_rest":10283,"minecraft:waystone_activated":1,"champions:champion_mobs_killed":24,"minecraft:sprint_one_cm":259495,"minecraft:damage_taken":2445,"minecraft:walk_one_cm":647616,"minecraft:drop":54,"minecraft:damage_dealt":2196,"minecraft:damage_dealt_absorbed":126,"minecraft:swim_one_cm":48896,"minecraft:fly_one_cm":645493,"minecraft:player_kills":3,"minecraft:open_chest":3,"minecraft:crouch_one_cm":11593,"minecraft:play_time":137163,"minecraft:deaths":4,"minecraft:sneak_time":2417,"minecraft:walk_under_water_one_cm":48675,"minecraft:boat_one_cm":6247,"minecraft:jump":2283,"minecraft:walk_on_water_one_cm":105117,"minecraft:total_world_time":137163,"minecraft:fall_one_cm":52148}},"DataVersion":2975}