{"stats":{"minecraft:mined":{"untamedwilds:flora_junegrass":1,"immersive_weathering:spruce_leaf_pile":2,"farmersdelight:wild_carrots":3,"minecraft:grass":1,"minecraft:grass_block":3,"minecraft:dirt_path":1,"minecraft:dirt":3,"minecraft:spruce_leaves":2},"minecraft:picked_up":{"apotheosis:gem":1,"minecraft:porkchop":3,"paraglider:spirit_orb":1,"minecraft:spruce_sapling":1,"minecraft:dirt":6,"minecraft:arrow":3,"minecraft:spruce_boat":1,"hunterillager:boomerang":1},"minecraft:custom":{"minecraft:time_since_rest":36984,"minecraft:waystone_activated":1,"champions:champion_mobs_killed":2,"lootr:looted_stat":9,"minecraft:sprint_one_cm":79067,"minecraft:damage_taken":335,"minecraft:walk_one_cm":205022,"minecraft:mob_kills":3,"minecraft:drop":2,"minecraft:damage_dealt":13,"minecraft:interact_with_crafting_table":1,"minecraft:player_kills":1,"minecraft:fly_one_cm":186859,"minecraft:open_barrel":6,"minecraft:open_chest":1,"minecraft:crouch_one_cm":2539,"minecraft:play_time":36984,"minecraft:sneak_time":409,"minecraft:walk_under_water_one_cm":398,"minecraft:boat_one_cm":928,"minecraft:jump":610,"minecraft:time_since_death":36984,"minecraft:walk_on_water_one_cm":1678,"minecraft:total_world_time":36984,"minecraft:climb_one_cm":1034,"minecraft:fall_one_cm":14515},"minecraft:killed":{"minecraft:skeleton":1,"hunterillager:hunterillager":1,"untamedwilds:terror_bird":1},"minecraft:used":{"minecraft:apple":6,"minecraft:bread":2,"minecraft:iron_pickaxe":5,"minecraft:dirt":3,"minecraft:porkchop":3},"minecraft:dropped":{"minecraft:iron_ingot":1,"minecraft:spruce_sapling":1}},"DataVersion":2975}