{"stats":{"minecraft:picked_up":{"minecraft:iron_chestplate":1,"paraglider:spirit_orb":1,"minecraft:flint":1,"minecraft:dirt":12,"minecraft:iron_leggings":2,"minecraft:compass":1,"minecraft:bone":5,"magistuarmory:wood_morgenstern":1,"minecraft:spruce_slab":6,"minecraft:stripped_crimson_hyphae":3,"apotheosis:gem":1,"minecraft:bowl":1,"minecraft:gravel":5,"minecraft:porkchop":3,"minecraft:spruce_sapling":1,"minecraft:ink_sac":3,"minecraft:arrow":6,"minecraft:spruce_boat":3,"minecraft:iron_helmet":1,"minecraft:bread":1,"minecraft:emerald":3,"hunterillager:boomerang":1,"minecraft:cobblestone":3},"minecraft:crafted":{"minecraft:air":1},"minecraft:used":{"minecraft:water_bucket":5,"minecraft:flint_and_steel":63,"minecraft:iron_sword":9,"minecraft:dirt":9,"minecraft:tnt":3,"minecraft:carrot":3,"minecraft:spruce_boat":3,"minecraft:apple":19,"minecraft:iron_axe":17,"minecraft:bread":14,"minecraft:iron_pickaxe":25,"scattered_weapons:cutlass":3,"create:honeyed_apple":1,"minecraft:stone_axe":5,"minecraft:cobblestone":7,"minecraft:bow":7,"minecraft:porkchop":3,"minecraft:bucket":4,"minecraft:air":1},"minecraft:dropped":{"minecraft:gravel":5,"minecraft:iron_ingot":1,"minecraft:bread":2,"minecraft:compass":1,"minecraft:bowl":1,"minecraft:wheat":7,"alexsmobs:blobfish":1,"minecraft:iron_helmet":1,"minecraft:iron_boots":1,"minecraft:carrot":6,"minecraft:mushroom_stew":1,"minecraft:filled_map":1,"minecraft:gunpowder":1,"magistuarmory:wood_morgenstern":1,"minecraft:iron_chestplate":1,"minecraft:cooked_cod":3,"minecraft:leather_boots":1,"apotheosis:gem":2,"minecraft:iron_leggings":2,"jet_and_elias_armors:brute_armor_chestplate":1,"minecraft:spruce_slab":6,"minecraft:stripped_crimson_hyphae":1,"minecraft:spruce_sapling":1,"minecraft:bone":5},"minecraft:mined":{"minecraft:oak_slab":4,"minecraft:quartz_block":1,"untamedwilds:flora_junegrass":1,"immersive_weathering:spruce_leaf_pile":2,"farmersdelight:wild_carrots":3,"minecraft:stripped_crimson_hyphae":3,"minecraft:grass_block":9,"minecraft:spruce_leaves":2,"minecraft:oak_planks":6,"minecraft:spruce_stairs":1,"minecraft:fire":5,"minecraft:grass":1,"minecraft:dirt_path":1,"minecraft:gravel":6,"minecraft:dirt":3,"minecraft:stone":7,"minecraft:spruce_slab":5},"minecraft:killed_by":{"minecraft:vindicator":2,"alexsmobs:skelewag":1,"minecraft:drowned":1},"minecraft:broken":{"minecraft:flint_and_steel":1},"minecraft:killed":{"untamedwilds:terror_bird":1,"minecraft:vindicator":5,"minecraft:cod":1,"minecraft:skeleton":1,"untamedwilds:bear":1,"minecraft:pillager":10,"hunterillager:hunterillager":1,"minecraft:zombie":1},"minecraft:custom":{"lootr:looted_stat":35,"minecraft:mob_kills":20,"minecraft:interact_with_crafting_table":6,"minecraft:open_barrel":16,"minecraft:damage_dealt_resisted":21,"minecraft:leave_game":2,"minecraft:time_since_death":7666,"minecraft:climb_one_cm":11369,"minecraft:time_since_rest":7708,"minecraft:waystone_activated":1,"champions:champion_mobs_killed":18,"minecraft:sprint_one_cm":157024,"minecraft:damage_taken":2192,"minecraft:walk_one_cm":423186,"minecraft:drop":31,"minecraft:damage_dealt":659,"minecraft:damage_dealt_absorbed":42,"minecraft:swim_one_cm":48191,"minecraft:fly_one_cm":360550,"minecraft:player_kills":3,"minecraft:open_chest":1,"minecraft:crouch_one_cm":7760,"minecraft:play_time":107395,"minecraft:deaths":4,"minecraft:sneak_time":1812,"minecraft:walk_under_water_one_cm":46930,"minecraft:boat_one_cm":6247,"minecraft:jump":1393,"minecraft:walk_on_water_one_cm":101351,"minecraft:total_world_time":107395,"minecraft:fall_one_cm":25725}},"DataVersion":2975}