{"stats":{"minecraft:mined":{"untamedwilds:flora_junegrass":1,"immersive_weathering:spruce_leaf_pile":2,"farmersdelight:wild_carrots":3,"minecraft:grass":1,"minecraft:grass_block":3,"minecraft:dirt_path":1,"minecraft:dirt":3,"minecraft:spruce_leaves":2},"minecraft:picked_up":{"apotheosis:gem":1,"minecraft:porkchop":3,"paraglider:spirit_orb":1,"minecraft:spruce_sapling":1,"minecraft:dirt":6,"minecraft:arrow":3,"minecraft:spruce_boat":1,"magistuarmory:wood_morgenstern":1,"hunterillager:boomerang":1},"minecraft:custom":{"minecraft:time_since_rest":44045,"minecraft:waystone_activated":1,"champions:champion_mobs_killed":3,"lootr:looted_stat":9,"minecraft:sprint_one_cm":111583,"minecraft:damage_taken":406,"minecraft:walk_one_cm":272325,"minecraft:mob_kills":5,"minecraft:drop":4,"minecraft:damage_dealt":14,"minecraft:swim_one_cm":2961,"minecraft:interact_with_crafting_table":1,"minecraft:player_kills":1,"minecraft:fly_one_cm":261054,"minecraft:open_barrel":6,"minecraft:open_chest":1,"minecraft:crouch_one_cm":2802,"minecraft:play_time":44045,"minecraft:sneak_time":454,"minecraft:walk_under_water_one_cm":6427,"minecraft:boat_one_cm":1567,"minecraft:jump":808,"minecraft:leave_game":1,"minecraft:time_since_death":44045,"minecraft:walk_on_water_one_cm":7551,"minecraft:total_world_time":44045,"minecraft:climb_one_cm":1034,"minecraft:fall_one_cm":18040},"minecraft:killed":{"untamedwilds:bear":1,"minecraft:skeleton":1,"minecraft:pillager":1,"hunterillager:hunterillager":1,"untamedwilds:terror_bird":1},"minecraft:used":{"minecraft:spruce_boat":1,"minecraft:apple":8,"minecraft:bread":4,"minecraft:iron_pickaxe":5,"minecraft:dirt":3,"minecraft:cobblestone":4,"minecraft:bow":3,"minecraft:porkchop":3},"minecraft:dropped":{"minecraft:filled_map":1,"minecraft:iron_ingot":1,"magistuarmory:wood_morgenstern":1,"minecraft:spruce_sapling":1}},"DataVersion":2975}