{"stats":{"minecraft:picked_up":{"paraglider:spirit_orb":1,"minecraft:flint":1,"minecraft:dirt":12,"minecraft:iron_leggings":1,"minecraft:compass":1,"minecraft:bone":5,"magistuarmory:wood_morgenstern":1,"minecraft:spruce_slab":6,"minecraft:stripped_crimson_hyphae":3,"apotheosis:gem":1,"minecraft:gravel":5,"minecraft:porkchop":3,"minecraft:spruce_sapling":1,"minecraft:ink_sac":3,"minecraft:arrow":5,"minecraft:spruce_boat":2,"minecraft:iron_helmet":1,"minecraft:bread":1,"minecraft:emerald":3,"hunterillager:boomerang":1,"minecraft:cobblestone":3},"minecraft:crafted":{"minecraft:air":1},"minecraft:used":{"minecraft:water_bucket":5,"minecraft:flint_and_steel":63,"minecraft:dirt":9,"minecraft:tnt":3,"minecraft:carrot":3,"minecraft:spruce_boat":2,"minecraft:apple":10,"minecraft:iron_axe":17,"minecraft:bread":14,"minecraft:iron_pickaxe":25,"create:honeyed_apple":1,"minecraft:stone_axe":5,"minecraft:cobblestone":7,"minecraft:bow":3,"minecraft:porkchop":3,"minecraft:bucket":4,"minecraft:air":1},"minecraft:dropped":{"minecraft:gravel":5,"minecraft:iron_ingot":1,"minecraft:bread":2,"minecraft:compass":1,"minecraft:wheat":7,"alexsmobs:blobfish":1,"minecraft:iron_helmet":1,"minecraft:iron_boots":1,"minecraft:carrot":6,"minecraft:mushroom_stew":1,"minecraft:filled_map":1,"minecraft:gunpowder":1,"magistuarmory:wood_morgenstern":1,"minecraft:cooked_cod":3,"minecraft:leather_boots":1,"apotheosis:gem":2,"minecraft:spruce_slab":6,"minecraft:stripped_crimson_hyphae":1,"minecraft:spruce_sapling":1,"minecraft:bone":5},"minecraft:mined":{"minecraft:oak_slab":4,"minecraft:quartz_block":1,"untamedwilds:flora_junegrass":1,"immersive_weathering:spruce_leaf_pile":2,"farmersdelight:wild_carrots":3,"minecraft:stripped_crimson_hyphae":3,"minecraft:grass_block":9,"minecraft:spruce_leaves":2,"minecraft:oak_planks":6,"minecraft:spruce_stairs":1,"minecraft:fire":5,"minecraft:grass":1,"minecraft:dirt_path":1,"minecraft:gravel":6,"minecraft:dirt":3,"minecraft:stone":7,"minecraft:spruce_slab":5},"minecraft:killed_by":{"minecraft:vindicator":2,"minecraft:drowned":1},"minecraft:broken":{"minecraft:flint_and_steel":1},"minecraft:killed":{"untamedwilds:terror_bird":1,"minecraft:vindicator":5,"minecraft:cod":1,"minecraft:skeleton":1,"untamedwilds:bear":1,"minecraft:pillager":10,"hunterillager:hunterillager":1},"minecraft:custom":{"lootr:looted_stat":34,"minecraft:mob_kills":17,"minecraft:interact_with_crafting_table":6,"minecraft:open_barrel":14,"minecraft:damage_dealt_resisted":21,"minecraft:leave_game":2,"minecraft:time_since_death":2923,"minecraft:climb_one_cm":5826,"minecraft:time_since_rest":2947,"minecraft:waystone_activated":1,"champions:champion_mobs_killed":17,"minecraft:sprint_one_cm":145516,"minecraft:damage_taken":1567,"minecraft:walk_one_cm":389994,"minecraft:drop":26,"minecraft:damage_dealt":166,"minecraft:damage_dealt_absorbed":42,"minecraft:swim_one_cm":33905,"minecraft:fly_one_cm":331924,"minecraft:player_kills":2,"minecraft:open_chest":1,"minecraft:crouch_one_cm":7008,"minecraft:play_time":95395,"minecraft:deaths":3,"minecraft:sneak_time":1582,"minecraft:walk_under_water_one_cm":38363,"minecraft:boat_one_cm":4665,"minecraft:jump":1210,"minecraft:walk_on_water_one_cm":94952,"minecraft:total_world_time":95395,"minecraft:fall_one_cm":20932}},"DataVersion":2975}