{"stats":{"minecraft:mined":{"untamedwilds:flora_junegrass":1,"minecraft:fire":5,"immersive_weathering:spruce_leaf_pile":2,"farmersdelight:wild_carrots":3,"minecraft:grass":1,"minecraft:grass_block":3,"minecraft:dirt_path":1,"minecraft:dirt":3,"minecraft:spruce_leaves":2},"minecraft:picked_up":{"apotheosis:gem":1,"paraglider:spirit_orb":1,"minecraft:porkchop":3,"minecraft:spruce_sapling":1,"minecraft:dirt":6,"minecraft:arrow":3,"minecraft:spruce_boat":2,"magistuarmory:wood_morgenstern":1,"minecraft:emerald":1,"hunterillager:boomerang":1},"minecraft:custom":{"minecraft:time_since_rest":54163,"minecraft:waystone_activated":1,"champions:champion_mobs_killed":6,"lootr:looted_stat":18,"minecraft:sprint_one_cm":124095,"minecraft:damage_taken":480,"minecraft:walk_one_cm":306097,"minecraft:mob_kills":7,"minecraft:drop":6,"minecraft:damage_dealt":14,"minecraft:swim_one_cm":6436,"minecraft:interact_with_crafting_table":2,"minecraft:player_kills":1,"minecraft:fly_one_cm":282528,"minecraft:open_barrel":14,"minecraft:open_chest":1,"minecraft:crouch_one_cm":2966,"minecraft:play_time":54163,"minecraft:sneak_time":586,"minecraft:walk_under_water_one_cm":11169,"minecraft:boat_one_cm":2819,"minecraft:jump":919,"minecraft:leave_game":1,"minecraft:time_since_death":54163,"minecraft:walk_on_water_one_cm":26006,"minecraft:total_world_time":54163,"minecraft:climb_one_cm":3265,"minecraft:fall_one_cm":19358},"minecraft:killed":{"minecraft:skeleton":1,"untamedwilds:bear":1,"minecraft:pillager":3,"hunterillager:hunterillager":1,"untamedwilds:terror_bird":1,"minecraft:vindicator":1},"minecraft:used":{"minecraft:spruce_boat":1,"minecraft:apple":8,"minecraft:flint_and_steel":10,"minecraft:bread":6,"minecraft:iron_pickaxe":5,"minecraft:dirt":3,"minecraft:cobblestone":4,"minecraft:bow":3,"minecraft:porkchop":3},"minecraft:dropped":{"minecraft:iron_ingot":1,"minecraft:filled_map":1,"magistuarmory:wood_morgenstern":1,"minecraft:wheat":6,"minecraft:leather_boots":1,"minecraft:spruce_sapling":1}},"DataVersion":2975}