{"stats":{"minecraft:mined":{"minecraft:grass_block":3,"minecraft:dirt":3,"farmersdelight:wild_carrots":3},"minecraft:picked_up":{"apotheosis:gem":1,"minecraft:arrow":3,"paraglider:spirit_orb":1,"minecraft:porkchop":3,"minecraft:dirt":6},"minecraft:custom":{"minecraft:time_since_rest":12984,"minecraft:play_time":12984,"minecraft:crouch_one_cm":1122,"champions:champion_mobs_killed":1,"minecraft:sprint_one_cm":19553,"minecraft:damage_taken":103,"minecraft:walk_one_cm":52984,"minecraft:sneak_time":229,"minecraft:mob_kills":1,"minecraft:jump":167,"minecraft:time_since_death":12984,"minecraft:total_world_time":12984,"minecraft:fall_one_cm":4354,"minecraft:fly_one_cm":61877,"minecraft:player_kills":1},"minecraft:killed":{"hunterillager:hunterillager":1},"minecraft:used":{"minecraft:dirt":3}},"DataVersion":2975}