{"stats":{"minecraft:picked_up":{"irons_spellbooks:scroll":1,"minecraft:crafting_table":1,"minecraft:iron_chestplate":1,"minecraft:wheat":1,"minecraft:chicken":3,"minecraft:enchanted_book":1,"minecraft:string":1,"minecraft:iron_leggings":2,"minecraft:compass":1,"bloodandmadness:blood_vial":3,"magistuarmory:wood_morgenstern":1,"minecraft:spruce_planks":20,"minecraft:beef":25,"minecraft:spruce_slab":6,"minecraft:spruce_trapdoor":3,"minecraft:stick":3,"minecraft:stripped_crimson_hyphae":3,"apotheosis:gem":1,"minecraft:bowl":1,"minecraft:porkchop":3,"minecraft:redstone":1,"minecraft:arrow":33,"minecraft:rotten_flesh":3,"bloodandmadness:sanguisteel_nugget":8,"minecraft:cobblestone":3,"minecraft:feather":3,"minecraft:black_bed":1,"minecraft:leather":13,"minecraft:potato":1,"minecraft:filled_map":2,"paraglider:spirit_orb":1,"minecraft:flint":1,"minecraft:dirt":17,"minecraft:bone":20,"minecraft:wheat_seeds":4,"minecraft:iron_sword":1,"hexerei:animal_fat":2,"paraglider:essence":1,"minecraft:gravel":5,"minecraft:spruce_sapling":5,"minecraft:ink_sac":6,"minecraft:spruce_log":16,"minecraft:dark_prismarine":8,"bloodandmadness:bullets/quicksilver_bullet":3,"simple_mobs:vampire_heart":1,"minecraft:spruce_boat":7,"minecraft:iron_helmet":1,"minecraft:gray_wool":4,"minecraft:emerald":3,"hunterillager:boomerang":1,"minecraft:bread":1},"minecraft:crafted":{"minecraft:chest":2,"quark:spruce_chest":1,"sophisticatedbackpacks:iron_backpack":1,"sophisticatedbackpacks:backpack":1,"minecraft:spruce_planks":4,"sophisticatedbackpacks:gold_backpack":1,"minecraft:air":77,"minecraft:string":4},"minecraft:used":{"minecraft:flint_and_steel":63,"minecraft:redstone":1,"minecraft:spruce_planks":36,"minecraft:stone":9,"minecraft:iron_sword":17,"minecraft:dirt":14,"minecraft:carrot":3,"minecraft:spruce_boat":6,"untamedwilds:food_bear_cooked":5,"minecraft:iron_axe":55,"minecraft:bow":40,"minecraft:beef":1,"minecraft:cooked_beef":11,"minecraft:water_bucket":5,"minecraft:baked_potato":6,"minecraft:tnt":3,"minecraft:crafting_table":3,"minecraft:dark_prismarine":7,"minecraft:apple":28,"minecraft:bread":14,"minecraft:iron_pickaxe":33,"minecraft:spruce_trapdoor":3,"scattered_weapons:cutlass":90,"create:honeyed_apple":1,"minecraft:stone_axe":5,"minecraft:cobblestone":7,"minecraft:porkchop":3,"minecraft:bucket":4,"minecraft:air":1},"minecraft:dropped":{"minecraft:bread":2,"minecraft:enchanted_book":1,"minecraft:iron_ingot":1,"minecraft:iron_sword":1,"minecraft:cooked_beef":3,"minecraft:baked_potato":6,"minecraft:iron_helmet":2,"minecraft:feather":1,"minecraft:leather":1,"minecraft:mushroom_stew":1,"minecraft:stick":6,"minecraft:ink_sac":3,"minecraft:cooked_cod":3,"minecraft:potion":1,"minecraft:iron_leggings":2,"minecraft:pumpkin_pie":2,"minecraft:string":5,"minecraft:spruce_sapling":3,"minecraft:gold_ingot":3,"minecraft:bone":18,"minecraft:gravel":5,"minecraft:compass":1,"minecraft:iron_nugget":3,"minecraft:bowl":1,"minecraft:wheat":7,"minecraft:chicken":1,"alexsmobs:blobfish":1,"minecraft:iron_boots":1,"minecraft:carrot":6,"minecraft:filled_map":4,"magistuarmory:wood_morgenstern":1,"minecraft:gunpowder":1,"minecraft:spruce_planks":20,"minecraft:iron_chestplate":1,"apotheosis:gem":2,"minecraft:leather_boots":1,"jet_and_elias_armors:brute_armor_chestplate":1,"minecraft:spruce_slab":6,"minecraft:stripped_crimson_hyphae":1,"minecraft:dark_prismarine":1},"minecraft:mined":{"minecraft:dark_prismarine":8,"minecraft:spruce_planks":4,"untamedwilds:flora_junegrass":1,"farmersdelight:wild_carrots":3,"minecraft:spruce_trapdoor":3,"minecraft:stripped_crimson_hyphae":3,"minecraft:grass_block":13,"minecraft:redstone_wire":1,"minecraft:spruce_leaves":5,"minecraft:fire":5,"treechop:chopped_log":3,"minecraft:dirt_path":1,"minecraft:stone":7,"minecraft:spruce_slab":5,"minecraft:oak_slab":4,"minecraft:quartz_block":1,"immersive_weathering:spruce_leaf_pile":10,"minecraft:crafting_table":1,"minecraft:tall_grass":2,"minecraft:oak_planks":6,"minecraft:spruce_stairs":1,"minecraft:gray_wool":4,"minecraft:spruce_log":2,"minecraft:black_bed":1,"minecraft:grass":8,"minecraft:gravel":6,"minecraft:dirt":6},"minecraft:killed_by":{"alexsmobs:skelewag":1,"minecraft:drowned":3,"bloodandmadness:church_doctor_crucifix":1,"minecraft:vindicator":2},"minecraft:broken":{"minecraft:flint_and_steel":1,"irons_spellbooks:wandering_magician_helmet":1,"irons_spellbooks:wandering_magician_chestplate":1},"minecraft:killed":{"minecraft:vindicator":5,"minecraft:spider":3,"minecraft:cod":1,"minecraft:skeleton":4,"hunterillager:hunterillager":1,"simple_mobs:vampire":1,"minecraft:chicken":3,"bloodandmadness:church_doctor_scythe":2,"untamedwilds:terror_bird":1,"majruszsdifficulty:cursed_armor":1,"bloodandmadness:church_doctor_pistol":1,"bloodandmadness:church_doctor_lantern":1,"untamedwilds:bear":1,"hexerei:crow":1,"minecraft:pillager":10,"minecraft:zombie":4,"bloodandmadness:church_doctor_crucifix":2,"minecraft:cow":12},"minecraft:custom":{"lootr:looted_stat":39,"minecraft:mob_kills":57,"minecraft:interact_with_crafting_table":17,"minecraft:open_barrel":16,"minecraft:damage_dealt_resisted":328,"minecraft:leave_game":4,"minecraft:time_since_death":29599,"minecraft:climb_one_cm":20876,"champions:champion_mobs_killed":29,"minecraft:sprint_one_cm":453083,"minecraft:walk_one_cm":1054139,"minecraft:drop":60,"minecraft:damage_dealt_absorbed":126,"minecraft:talked_to_villager":1,"minecraft:play_time":190840,"minecraft:deaths":7,"minecraft:sneak_time":4324,"minecraft:walk_under_water_one_cm":72890,"minecraft:boat_one_cm":7650,"minecraft:jump":3404,"minecraft:walk_on_water_one_cm":133161,"minecraft:total_world_time":190840,"minecraft:interact_with_furnace":1,"minecraft:tune_noteblock":8,"minecraft:sleep_in_bed":3,"minecraft:time_since_rest":15881,"minecraft:waystone_activated":1,"minecraft:damage_taken":4580,"minecraft:damage_dealt":5579,"minecraft:swim_one_cm":99999,"minecraft:fly_one_cm":1019568,"minecraft:player_kills":3,"minecraft:open_chest":17,"minecraft:crouch_one_cm":21590,"minecraft:fall_one_cm":80013}},"DataVersion":2975}